"userId","num.actions","action_bucket","num.movies","num.tv","perc.movies","name.length","num.liked","num.comments","num.dislikes","perc.liked","recently.active","days.inactive","liked","num.dislikes","num.comments","disliked","commented"
"shgoda",2,"med",2,0,1,6,2,0,0,1,"2008-11-11 05:48:56",1654,1,0,0,0,0
"brianhaddad",10,"med",10,0,1,11,10,0,0,1,"2008-10-29 04:50:46",1667,1,0,0,0,0
"Babs",8,"med",7,1,0.875,4,8,0,0,1,"2009-10-11 20:03:00",1320,1,0,0,0,0
"icemonkey",33,"power",29,4,0.878787878787879,9,31,1,1,0.939393939393939,"2009-12-01 16:26:42",1269,1,1,1,1,1
"Modwild",2,"med",2,0,1,7,2,0,0,1,"2008-12-21 00:33:56",1614,1,0,0,0,0
"droop",20,"med",20,0,1,5,20,0,0,1,"2008-11-13 18:48:43",1652,1,0,0,0,0
"mstrickland",2,"med",1,1,0.5,11,2,0,0,1,"2008-11-23 01:04:19",1642,1,0,0,0,0
"lindsayerika",1,"low",1,0,1,12,1,0,0,1,"2008-10-27 21:11:19",1669,1,0,0,0,0
"gmckay",3,"med",1,2,0.333333333333333,6,3,0,0,1,"2008-12-14 15:02:00",1621,1,0,0,0,0
"sippey",1,"low",1,0,1,6,1,0,0,1,"2008-10-28 16:47:31",1668,1,0,0,0,0
"ColinWood",6,"med",4,2,0.666666666666667,9,6,0,0,1,"2008-12-05 19:22:46",1630,1,0,0,0,0
"drrwinters",7,"med",3,4,0.428571428571429,10,7,0,0,1,"2008-11-03 01:29:49",1662,1,0,0,0,0
"babytata",2,"med",2,0,1,8,2,0,0,1,"2008-11-09 12:08:59",1656,1,0,0,0,0
"bigdogis",1,"low",1,0,1,8,1,0,0,1,"2008-10-30 11:41:37",1666,1,0,0,0,0
"tzvipinchaus",1,"low",1,0,1,12,1,0,0,1,"2008-11-07 22:10:22",1658,1,0,0,0,0
"tomrj",1,"low",1,0,1,5,1,0,0,1,"2008-11-07 22:10:22",1658,1,0,0,0,0
"gnaples",2,"med",2,0,1,7,2,0,0,1,"2008-11-08 00:40:32",1657,1,0,0,0,0
"euanmarop",1,"low",1,0,1,9,1,0,0,1,"2008-11-08 10:41:17",1657,1,0,0,0,0
"jk2007",21,"power",20,1,0.952380952380952,6,21,0,0,1,"2008-11-08 17:54:38",1657,1,0,0,0,0
"debjeetbarua",1,"low",1,0,1,12,1,0,0,1,"2008-11-08 15:38:31",1657,1,0,0,0,0
"kangaroosterus",1,"low",1,0,1,14,1,0,0,1,"2008-11-08 18:02:20",1657,1,0,0,0,0
"flacruzb1",3,"med",3,0,1,9,2,1,0,0.666666666666667,"2008-11-08 19:58:54",1657,1,0,1,0,1
"isaiahbarney",1,"low",1,0,1,12,1,0,0,1,"2008-11-08 19:48:17",1657,1,0,0,0,0
"MassInsomnia",1,"low",1,0,1,12,1,0,0,1,"2008-11-09 00:59:37",1656,1,0,0,0,0
"michelboutros",2,"med",1,1,0.5,13,2,0,0,1,"2008-11-09 18:25:03",1656,1,0,0,0,0
"JRMedia",1,"low",1,0,1,7,1,0,0,1,"2008-11-09 14:16:39",1656,1,0,0,0,0
"itschemistry",1,"low",1,0,1,12,1,0,0,1,"2008-11-09 22:36:38",1656,1,0,0,0,0
"Rimzim",1,"low",1,0,1,6,1,0,0,1,"2008-11-10 01:36:41",1655,1,0,0,0,0
"baloulegrosours",1,"low",1,0,1,15,1,0,0,1,"2008-11-10 06:36:41",1655,1,0,0,0,0
"areilly",5,"med",4,1,0.8,7,5,0,0,1,"2008-11-10 20:41:33",1655,1,0,0,0,0
"SteveFeld",1,"low",1,0,1,9,1,0,0,1,"2008-11-11 04:04:52",1654,1,0,0,0,0
"andrewgmiles",5,"med",4,1,0.8,12,4,1,0,0.8,"2008-11-30 21:53:36",1635,1,0,1,0,1
"Jabberwockey",1,"low",1,0,1,12,1,0,0,1,"2008-11-17 03:44:11",1648,1,0,0,0,0
"NYCBhoy",1,"low",1,0,1,7,1,0,0,1,"2008-11-18 01:28:15",1647,1,0,0,0,0
"djkouza",1,"low",1,0,1,7,1,0,0,1,"2008-11-18 14:51:27",1647,1,0,0,0,0
"tokerud",5,"med",1,4,0.2,7,5,0,0,1,"2008-11-20 04:31:50",1645,1,0,0,0,0
"scrappy_scrapola",2,"med",2,0,1,16,2,0,0,1,"2008-12-04 02:00:15",1631,1,0,0,0,0
"Sandy Bouvier-Ingram",1,"low",0,1,0,20,1,0,0,1,"2008-11-21 19:57:27",1644,1,0,0,0,0
"musicfreak24",9,"med",9,0,1,12,9,0,0,1,"2008-11-22 21:18:24",1643,1,0,0,0,0
"Bodhipaksa",1,"low",1,0,1,10,1,0,0,1,"2008-11-25 15:52:09",1640,1,0,0,0,0
"zeps",1,"low",1,0,1,4,1,0,0,1,"2008-11-29 12:26:03",1636,1,0,0,0,0
"dokboy",1,"low",1,0,1,6,1,0,0,1,"2008-12-03 17:17:14",1632,1,0,0,0,0
"TrulyJudy",1,"low",1,0,1,9,1,0,0,1,"2008-12-04 23:53:05",1631,1,0,0,0,0
"jamez111",2,"med",1,1,0.5,8,2,0,0,1,"2009-10-12 05:02:32",1319,1,0,0,0,0
"olusanya",8,"med",3,5,0.375,8,8,0,0,1,"2009-01-07 18:06:13",1597,1,0,0,0,0
"rtbtesting",1,"low",1,0,1,10,1,0,0,1,"2008-12-09 19:38:11",1626,1,0,0,0,0
"Woosang",1,"low",1,0,1,7,0,1,0,0,"2008-12-13 06:45:56",1622,0,0,1,0,1
"piercarlos",2,"med",1,1,0.5,10,2,0,0,1,"2008-12-14 14:07:06",1621,1,0,0,0,0
"phansen1",1,"low",1,0,1,8,1,0,0,1,"2008-12-15 15:25:20",1620,1,0,0,0,0
"prit81",1,"low",1,0,1,6,1,0,0,1,"2008-12-16 05:39:29",1619,1,0,0,0,0
"ben67",1,"low",1,0,1,5,1,0,0,1,"2008-12-25 00:35:56",1610,1,0,0,0,0
"inkv",1,"low",1,0,1,4,1,0,0,1,"2008-12-25 13:41:44",1610,1,0,0,0,0
"isagita",1,"low",1,0,1,7,1,0,0,1,"2008-12-27 01:36:03",1608,1,0,0,0,0
"Cpt_Blondie_Pants",1,"low",1,0,1,17,1,0,0,1,"2008-12-27 13:57:00",1608,1,0,0,0,0
"Cavatica",10,"med",10,0,1,8,10,0,0,1,"2009-08-27 02:41:33",1365,1,0,0,0,0
"dyta",1,"low",1,0,1,4,1,0,0,1,"2008-12-29 04:46:18",1606,1,0,0,0,0
"cip",1,"low",1,0,1,3,1,0,0,1,"2008-12-31 01:51:07",1604,1,0,0,0,0
"angieroksmysocks",1,"low",0,1,0,16,1,0,0,1,"2008-12-31 21:31:16",1604,1,0,0,0,0
"Divinicus",1,"low",1,0,1,9,1,0,0,1,"2009-01-01 23:23:58",1603,1,0,0,0,0
"silentfury6591",1,"low",1,0,1,14,1,0,0,1,"2009-01-02 05:46:47",1602,1,0,0,0,0
"pdirty",2,"med",1,1,0.5,6,2,0,0,1,"2009-01-15 08:57:15",1589,1,0,0,0,0
"pwash7",1,"low",1,0,1,6,1,0,0,1,"2009-01-04 18:56:07",1600,1,0,0,0,0
"kumar_paira",1,"low",1,0,1,11,1,0,0,1,"2009-01-05 14:18:57",1599,1,0,0,0,0
"nabeelahmed",1,"low",1,0,1,11,1,0,0,1,"2009-01-06 22:03:03",1598,1,0,0,0,0
"olive2304",1,"low",1,0,1,9,1,0,0,1,"2009-01-06 23:36:19",1598,1,0,0,0,0
"adambullied",171,"power",156,15,0.912280701754386,11,139,0,32,0.812865497076023,"2009-11-04 16:30:41",1296,1,32,0,1,0
"tirralirra",1,"low",1,0,1,10,1,0,0,1,"2009-01-08 05:19:06",1596,1,0,0,0,0
"rensity",1,"low",1,0,1,7,1,0,0,1,"2009-01-10 15:08:29",1594,1,0,0,0,0
"shinyblackroses",3,"med",1,2,0.333333333333333,15,3,0,0,1,"2009-02-06 12:06:15",1567,1,0,0,0,0
"darkfox1",1,"low",1,0,1,8,0,1,0,0,"2009-01-13 01:04:23",1591,0,0,1,0,1
"xen304",1,"low",1,0,1,6,1,0,0,1,"2009-01-13 05:31:48",1591,1,0,0,0,0
"lili4",1,"low",1,0,1,5,1,0,0,1,"2009-01-13 17:33:46",1591,1,0,0,0,0
"dandhroberts",123,"power",112,11,0.910569105691057,12,118,3,2,0.959349593495935,"2009-11-27 17:42:32",1273,1,2,3,1,1
"danvp87",31,"power",10,21,0.32258064516129,7,31,0,0,1,"2009-06-27 13:29:10",1426,1,0,0,0,0
"michelleshea",3,"med",3,0,1,12,3,0,0,1,"2009-01-19 03:12:39",1585,1,0,0,0,0
"Heyday",1,"low",0,1,0,6,1,0,0,1,"2009-01-19 11:51:40",1585,1,0,0,0,0
"khanhjp",1,"low",0,1,0,7,1,0,0,1,"2009-01-20 03:49:01",1584,1,0,0,0,0
"Howardg",1,"low",1,0,1,7,1,0,0,1,"2009-01-21 08:06:34",1583,1,0,0,0,0
"PeteBirkeland",4,"med",3,1,0.75,13,4,0,0,1,"2009-11-16 04:23:12",1284,1,0,0,0,0
"funkmistressjoy",1,"low",1,0,1,15,1,0,0,1,"2009-01-23 23:43:46",1581,1,0,0,0,0
"tervs4",1,"low",1,0,1,6,1,0,0,1,"2009-01-24 00:17:51",1580,1,0,0,0,0
"apassley",1,"low",1,0,1,8,1,0,0,1,"2009-01-25 20:42:36",1579,1,0,0,0,0
"Chihuahua",1,"low",1,0,1,9,1,0,0,1,"2009-01-26 22:41:08",1578,1,0,0,0,0
"femaleprodigy",8,"med",2,6,0.25,13,8,0,0,1,"2009-11-18 19:02:24",1282,1,0,0,0,0
"alejandrotrag",1,"low",1,0,1,13,1,0,0,1,"2009-01-28 18:45:47",1576,1,0,0,0,0
"Littlebrat67",14,"med",3,11,0.214285714285714,12,14,0,0,1,"2009-01-28 22:49:30",1576,1,0,0,0,0
"stuvv",1,"low",1,0,1,5,1,0,0,1,"2009-02-02 19:33:58",1571,1,0,0,0,0
"luckycharms",1,"low",1,0,1,11,1,0,0,1,"2009-02-03 10:41:02",1570,1,0,0,0,0
"chuck_bass",1,"low",1,0,1,10,1,0,0,1,"2009-02-07 20:30:23",1566,1,0,0,0,0
"dephillips",1,"low",1,0,1,10,1,0,0,1,"2009-02-12 05:30:19",1561,1,0,0,0,0
"anja",1,"low",1,0,1,4,1,0,0,1,"2009-02-12 15:30:18",1561,1,0,0,0,0
"elainemg",1,"low",1,0,1,8,0,1,0,0,"2009-02-14 11:03:42",1559,0,0,1,0,1
"jhimes",1,"low",1,0,1,6,1,0,0,1,"2009-02-14 22:42:59",1559,1,0,0,0,0
"Roy_King",1,"low",0,1,0,8,1,0,0,1,"2009-02-16 06:09:08",1557,1,0,0,0,0
"xely",1,"low",1,0,1,4,1,0,0,1,"2009-02-16 17:00:32",1557,1,0,0,0,0
"kishori14",2,"med",2,0,1,9,2,0,0,1,"2009-02-17 14:44:53",1556,1,0,0,0,0
"dilipram",1,"low",1,0,1,8,1,0,0,1,"2009-02-17 18:30:48",1556,1,0,0,0,0
"belle_sea",1,"low",1,0,1,9,1,0,0,1,"2009-02-17 22:02:51",1556,1,0,0,0,0
"dj",25,"power",15,10,0.6,2,25,0,0,1,"2009-11-11 02:12:38",1289,1,0,0,0,0
"nicklimatnokia",1,"low",1,0,1,14,1,0,0,1,"2009-02-23 14:56:06",1550,1,0,0,0,0
"alex3cats",2,"med",2,0,1,9,2,0,0,1,"2009-02-23 23:33:19",1550,1,0,0,0,0
"SouxsieDelovely",1,"low",0,1,0,15,1,0,0,1,"2009-02-24 15:52:15",1549,1,0,0,0,0
"crawler767",1,"low",1,0,1,10,1,0,0,1,"2009-02-25 18:03:03",1548,1,0,0,0,0
"chs84",2,"med",2,0,1,5,2,0,0,1,"2009-02-27 13:02:58",1546,1,0,0,0,0
"reconfigures",1,"low",1,0,1,12,1,0,0,1,"2009-03-01 07:16:36",1544,1,0,0,0,0
"cm",1,"low",1,0,1,2,1,0,0,1,"2009-03-01 10:28:14",1544,1,0,0,0,0
"flp9001",3,"med",3,0,1,7,3,0,0,1,"2009-05-18 19:18:14",1466,1,0,0,0,0
"realberry",1,"low",0,1,0,9,1,0,0,1,"2009-03-06 01:41:36",1539,1,0,0,0,0
"maitreya",2,"med",2,0,1,8,2,0,0,1,"2009-05-05 20:18:17",1479,1,0,0,0,0
"alexlim11",1,"low",1,0,1,9,1,0,0,1,"2009-03-06 19:38:13",1539,1,0,0,0,0
"rjkennedy",1,"low",0,1,0,9,1,0,0,1,"2009-03-08 04:18:57",1537,1,0,0,0,0
"houshengzai1",1,"low",1,0,1,12,1,0,0,1,"2009-03-10 10:44:51",1535,1,0,0,0,0
"mswoozy",1,"low",1,0,1,7,1,0,0,1,"2009-03-16 18:34:46",1529,1,0,0,0,0
"pd",1,"low",1,0,1,2,1,0,0,1,"2009-03-19 01:36:13",1526,1,0,0,0,0
"hooraychining",22,"power",13,9,0.590909090909091,13,22,0,0,1,"2009-11-21 08:18:02",1279,1,0,0,0,0
"mesa",1,"low",1,0,1,4,1,0,0,1,"2009-03-19 14:51:43",1526,1,0,0,0,0
"bouncingGrey",2,"med",2,0,1,12,2,0,0,1,"2009-03-20 00:52:43",1525,1,0,0,0,0
"djakira",1,"low",1,0,1,7,0,1,0,0,"2009-03-20 11:32:13",1525,0,0,1,0,1
"ChristyMckinney",2,"med",2,0,1,15,2,0,0,1,"2009-03-21 13:17:35",1524,1,0,0,0,0
"teaandcrumpets",1,"low",0,1,0,14,1,0,0,1,"2009-03-21 19:30:08",1524,1,0,0,0,0
"rbragg1",1,"low",1,0,1,7,1,0,0,1,"2009-03-23 03:57:35",1522,1,0,0,0,0
"jnay",3,"med",3,0,1,4,3,0,0,1,"2009-03-23 14:00:05",1522,1,0,0,0,0
"mytingley",1,"low",1,0,1,9,1,0,0,1,"2009-03-24 07:23:08",1521,1,0,0,0,0
"alikelystory",10,"med",10,0,1,12,10,0,0,1,"2009-11-25 18:28:09",1275,1,0,0,0,0
"jpneathey",30,"power",12,18,0.4,9,30,0,0,1,"2009-08-20 22:04:56",1372,1,0,0,0,0
"angdwa",1,"low",1,0,1,6,1,0,0,1,"2009-03-29 10:58:02",1516,1,0,0,0,0
"JALER",113,"power",92,21,0.814159292035398,5,95,0,18,0.84070796460177,"2009-11-18 20:52:15",1282,1,18,0,1,0
"foad",2,"med",2,0,1,4,2,0,0,1,"2009-05-08 14:03:20",1476,1,0,0,0,0
"lilgreenfrog",8,"med",8,0,1,12,8,0,0,1,"2009-04-01 20:33:39",1513,1,0,0,0,0
"ericacm",1,"low",1,0,1,7,1,0,0,1,"2009-04-02 19:29:01",1512,1,0,0,0,0
"communityscrip",2,"med",2,0,1,14,1,1,0,0.5,"2009-04-02 22:11:26",1512,1,0,1,0,1
"toddbudnikas",4,"med",3,1,0.75,12,2,2,0,0.5,"2009-07-14 02:27:27",1409,1,0,2,0,1
"kenjamd",195,"power",162,33,0.830769230769231,7,176,19,0,0.902564102564103,"2009-12-02 16:00:34",1268,1,0,19,0,1
"lukulius",2,"med",1,1,0.5,8,2,0,0,1,"2009-04-03 23:34:36",1511,1,0,0,0,0
"Angiejoy",1,"low",1,0,1,8,1,0,0,1,"2009-04-04 03:40:23",1510,1,0,0,0,0
"tempus",3,"med",2,1,0.666666666666667,6,3,0,0,1,"2009-04-11 21:17:38",1503,1,0,0,0,0
"jasonbass",8,"med",2,6,0.25,9,6,2,0,0.75,"2009-05-08 15:04:53",1476,1,0,2,0,1
"zurceed",1,"low",1,0,1,7,1,0,0,1,"2009-04-07 18:06:40",1507,1,0,0,0,0
"spiken24",4,"med",0,4,0,8,2,2,0,0.5,"2009-04-16 23:51:59",1498,1,0,2,0,1
"czechowska",1,"low",1,0,1,10,1,0,0,1,"2009-04-09 08:15:36",1505,1,0,0,0,0
"MelindaNakamura",1,"low",1,0,1,15,1,0,0,1,"2009-04-09 20:13:31",1505,1,0,0,0,0
"kozmicblues",27,"power",25,2,0.925925925925926,11,27,0,0,1,"2009-11-30 02:02:16",1270,1,0,0,0,0
"tamvanta",1,"low",1,0,1,8,1,0,0,1,"2009-04-14 06:11:25",1500,1,0,0,0,0
"Oriana",1,"low",1,0,1,6,1,0,0,1,"2009-04-14 13:11:27",1500,1,0,0,0,0
"free2bemeinjesus",2,"med",0,2,0,16,2,0,0,1,"2009-07-21 20:07:08",1402,1,0,0,0,0
"JennKim",2,"med",1,1,0.5,7,2,0,0,1,"2009-10-30 05:18:40",1301,1,0,0,0,0
"Simiload",6,"med",4,2,0.666666666666667,8,6,0,0,1,"2009-04-21 09:20:42",1493,1,0,0,0,0
"rollyp",38,"power",33,5,0.868421052631579,6,28,10,0,0.736842105263158,"2009-11-22 20:06:37",1278,1,0,10,0,1
"tomzelenka",1,"low",0,1,0,10,1,0,0,1,"2009-04-20 18:52:18",1494,1,0,0,0,0
"coul81",2,"med",2,0,1,6,2,0,0,1,"2009-04-22 05:22:51",1492,1,0,0,0,0
"lillygustavus",31,"power",30,1,0.967741935483871,13,26,0,5,0.838709677419355,"2009-11-23 13:09:06",1277,1,5,0,1,0
"iamkarna",1,"low",1,0,1,8,1,0,0,1,"2009-04-23 10:16:55",1491,1,0,0,0,0
"Braizers",1,"low",1,0,1,8,1,0,0,1,"2009-04-23 20:03:31",1491,1,0,0,0,0
"alinefassina",2,"med",1,1,0.5,12,2,0,0,1,"2009-06-07 15:18:06",1446,1,0,0,0,0
"queencynequa",1,"low",0,1,0,12,1,0,0,1,"2009-04-29 15:15:39",1485,1,0,0,0,0
"alanreid",1,"low",1,0,1,8,1,0,0,1,"2009-05-04 12:55:12",1480,1,0,0,0,0
"willfoxy",7,"med",4,3,0.571428571428571,8,5,1,1,0.714285714285714,"2009-10-20 19:59:03",1311,1,1,1,1,1
"pakostefania",2,"med",2,0,1,12,2,0,0,1,"2009-10-13 20:16:28",1318,1,0,0,0,0
"mahmood3d",2,"med",1,1,0.5,9,2,0,0,1,"2009-05-05 18:48:48",1479,1,0,0,0,0
"mohanrajn84",1,"low",1,0,1,11,1,0,0,1,"2009-05-08 10:51:05",1476,1,0,0,0,0
"jezebeltheory",2,"med",0,2,0,13,2,0,0,1,"2009-05-09 01:47:17",1475,1,0,0,0,0
"beers.01",1,"low",1,0,1,8,1,0,0,1,"2009-05-13 23:49:23",1471,1,0,0,0,0
"MrEDJay",1,"low",1,0,1,7,1,0,0,1,"2009-05-14 20:49:41",1470,1,0,0,0,0
"glingesh_1984",1,"low",1,0,1,13,1,0,0,1,"2009-05-15 18:45:48",1469,1,0,0,0,0
"Kalifa",1,"low",1,0,1,6,1,0,0,1,"2009-05-16 02:43:38",1468,1,0,0,0,0
"jamesyeung",2,"med",1,1,0.5,10,2,0,0,1,"2009-05-17 02:47:57",1467,1,0,0,0,0
"chrisofspades",3,"med",2,1,0.666666666666667,13,3,0,0,1,"2009-05-22 18:35:19",1462,1,0,0,0,0
"scalland",184,"power",170,14,0.923913043478261,8,179,0,5,0.972826086956522,"2009-11-22 20:22:12",1278,1,5,0,1,0
"stuboy",1,"low",0,1,0,6,1,0,0,1,"2009-05-21 22:15:57",1463,1,0,0,0,0
"alumbra",1,"low",1,0,1,7,1,0,0,1,"2009-05-22 15:03:13",1462,1,0,0,0,0
"gotosleep",1,"low",1,0,1,9,1,0,0,1,"2009-05-22 15:07:00",1462,1,0,0,0,0
"ErikaL",13,"med",8,5,0.615384615384615,6,13,0,0,1,"2009-07-08 04:34:03",1415,1,0,0,0,0
"tycoon024",1,"low",1,0,1,9,0,1,0,0,"2009-05-24 22:23:24",1460,0,0,1,0,1
"drmtg954",1,"low",0,1,0,8,1,0,0,1,"2009-05-25 19:14:47",1459,1,0,0,0,0
"mkindness",11,"med",2,9,0.181818181818182,9,11,0,0,1,"2009-09-27 10:55:40",1334,1,0,0,0,0
"mhd5891",1,"low",1,0,1,7,1,0,0,1,"2009-05-29 03:53:53",1455,1,0,0,0,0
"DNUSADating",1,"low",1,0,1,11,1,0,0,1,"2009-05-30 00:36:45",1454,1,0,0,0,0
"jmcgra",1,"low",1,0,1,6,1,0,0,1,"2009-05-30 15:37:12",1454,1,0,0,0,0
"ZUHRI",1,"low",1,0,1,5,1,0,0,1,"2009-05-31 18:34:10",1453,1,0,0,0,0
"stagemanagergirl74",2,"med",0,2,0,18,2,0,0,1,"2009-06-23 00:31:35",1430,1,0,0,0,0
"Kross",3,"med",3,0,1,5,2,1,0,0.666666666666667,"2009-06-01 15:37:39",1452,1,0,1,0,1
"rajs",1,"low",1,0,1,4,1,0,0,1,"2009-06-01 17:50:20",1452,1,0,0,0,0
"sergiodenis",1,"low",1,0,1,11,1,0,0,1,"2009-06-01 19:38:09",1452,1,0,0,0,0
"szmirna",1,"low",1,0,1,7,1,0,0,1,"2009-06-02 19:33:23",1451,1,0,0,0,0
"kaila",1,"low",1,0,1,5,1,0,0,1,"2009-06-02 20:56:43",1451,1,0,0,0,0
"9791",1,"low",1,0,1,4,1,0,0,1,"2009-06-03 23:00:31",1450,1,0,0,0,0
"hendrysaputra",1,"low",1,0,1,13,1,0,0,1,"2009-06-04 10:04:31",1449,1,0,0,0,0
"Alex_Lemosa",1,"low",1,0,1,11,1,0,0,1,"2009-06-04 19:28:04",1449,1,0,0,0,0
"gototrip",1,"low",1,0,1,8,1,0,0,1,"2009-06-05 23:47:20",1448,1,0,0,0,0
"freshpizzy",1,"low",1,0,1,10,1,0,0,1,"2009-06-06 14:24:06",1447,1,0,0,0,0
"vodkapop",1,"low",1,0,1,8,1,0,0,1,"2009-06-07 17:50:38",1446,1,0,0,0,0
"twistedbitches",3,"med",1,2,0.333333333333333,14,3,0,0,1,"2009-06-08 17:49:34",1445,1,0,0,0,0
"DurraniAF",1,"low",1,0,1,9,1,0,0,1,"2009-06-08 18:24:06",1445,1,0,0,0,0
"rayan2377",1,"low",1,0,1,9,1,0,0,1,"2009-06-08 20:40:41",1445,1,0,0,0,0
"absabs",2,"med",1,1,0.5,6,2,0,0,1,"2009-06-08 21:38:07",1445,1,0,0,0,0
"atefshams",2,"med",2,0,1,9,1,1,0,0.5,"2009-06-09 04:52:09",1444,1,0,1,0,1
"pragnendra",2,"med",2,0,1,10,2,0,0,1,"2009-06-09 20:26:39",1444,1,0,0,0,0
"blackchips",1,"low",1,0,1,10,1,0,0,1,"2009-06-11 12:17:40",1442,1,0,0,0,0
"plivep",1,"low",1,0,1,6,1,0,0,1,"2009-06-12 02:48:07",1441,1,0,0,0,0
"zya",1,"low",1,0,1,3,1,0,0,1,"2009-06-12 11:13:34",1441,1,0,0,0,0
"hradczany",1,"low",1,0,1,9,1,0,0,1,"2009-06-12 22:50:41",1441,1,0,0,0,0
"MixBits",3,"med",3,0,1,7,2,1,0,0.666666666666667,"2009-07-02 16:30:49",1421,1,0,1,0,1
"jpaulpay",1,"low",1,0,1,8,1,0,0,1,"2009-06-14 18:57:34",1439,1,0,0,0,0
"Carl_Aldridge7",173,"power",167,6,0.965317919075145,14,163,0,10,0.942196531791908,"2009-12-02 12:30:35",1268,1,10,0,1,0
"RomainTrillard",1,"low",1,0,1,14,1,0,0,1,"2009-06-17 08:49:52",1436,1,0,0,0,0
"ibenks",7,"med",7,0,1,6,7,0,0,1,"2009-11-13 00:58:17",1287,1,0,0,0,0
"dicky2707",1,"low",1,0,1,9,1,0,0,1,"2009-06-17 21:41:51",1436,1,0,0,0,0
"raza",1,"low",1,0,1,4,1,0,0,1,"2009-06-20 23:45:20",1433,1,0,0,0,0
"bevkay",1,"low",1,0,1,6,1,0,0,1,"2009-06-21 14:11:11",1432,1,0,0,0,0
"kudus",1,"low",1,0,1,5,1,0,0,1,"2009-06-23 23:15:15",1430,1,0,0,0,0
"aleksandrgenbm",2,"med",1,1,0.5,14,2,0,0,1,"2009-07-08 18:52:20",1415,1,0,0,0,0
"FizzeL",1,"low",1,0,1,6,1,0,0,1,"2009-06-25 17:38:23",1428,1,0,0,0,0
"AntKerry",11,"med",11,0,1,8,10,1,0,0.909090909090909,"2009-07-24 17:44:35",1399,1,0,1,0,1
"mstyza",1,"low",1,0,1,6,1,0,0,1,"2009-06-30 06:29:08",1423,1,0,0,0,0
"readnwatchchris",2,"med",2,0,1,15,2,0,0,1,"2009-06-30 12:55:16",1423,1,0,0,0,0
"shadow64",1,"low",1,0,1,8,1,0,0,1,"2009-06-30 19:22:49",1423,1,0,0,0,0
"chloead",8,"med",8,0,1,7,8,0,0,1,"2009-07-02 01:51:55",1421,1,0,0,0,0
"tieuphongla",1,"low",1,0,1,11,1,0,0,1,"2009-07-03 17:10:17",1420,1,0,0,0,0
"BySerqaN47",1,"low",1,0,1,10,1,0,0,1,"2009-07-06 10:22:18",1417,1,0,0,0,0
"fars",3,"med",0,3,0,4,3,0,0,1,"2009-10-14 22:19:47",1317,1,0,0,0,0
"Pensin7",12,"med",10,2,0.833333333333333,7,11,1,0,0.916666666666667,"2009-08-12 23:32:17",1380,1,0,1,0,1
"ahallicks",2,"med",0,2,0,9,2,0,0,1,"2009-08-23 08:41:42",1369,1,0,0,0,0
"blackdahlia",1,"low",1,0,1,11,1,0,0,1,"2009-07-09 01:10:25",1414,1,0,0,0,0
"Lemmy",1,"low",1,0,1,5,1,0,0,1,"2009-07-09 08:23:24",1414,1,0,0,0,0
"diexanna",3,"med",2,1,0.666666666666667,8,3,0,0,1,"2009-08-23 08:45:16",1369,1,0,0,0,0
"randaabbass",1,"low",1,0,1,11,1,0,0,1,"2009-07-10 18:14:03",1413,1,0,0,0,0
"s26hedgehog",2,"med",1,1,0.5,11,1,1,0,0.5,"2009-08-27 00:08:11",1365,1,0,1,0,1
"Acidmoxy",1,"low",1,0,1,8,1,0,0,1,"2009-07-14 01:39:01",1409,1,0,0,0,0
"patinos",1,"low",0,1,0,7,1,0,0,1,"2009-07-15 19:55:40",1408,1,0,0,0,0
"monkeyman08854",1,"low",1,0,1,14,0,1,0,0,"2009-07-18 03:47:35",1405,0,0,1,0,1
"dominika347",1,"low",1,0,1,11,1,0,0,1,"2009-07-19 05:21:03",1404,1,0,0,0,0
"ekoprasetya",1,"low",1,0,1,11,1,0,0,1,"2009-07-19 22:20:21",1404,1,0,0,0,0
"David_Sands",1,"low",1,0,1,11,1,0,0,1,"2009-07-20 10:58:57",1403,1,0,0,0,0
"kareneberg",1,"low",1,0,1,10,1,0,0,1,"2009-07-22 01:11:54",1401,1,0,0,0,0
"rock1",1,"low",1,0,1,5,0,1,0,0,"2009-07-23 00:50:55",1400,0,0,1,0,1
"Beate94",1,"low",1,0,1,7,1,0,0,1,"2009-07-24 13:39:37",1399,1,0,0,0,0
"cbredhead",1,"low",1,0,1,9,1,0,0,1,"2009-07-24 18:14:49",1399,1,0,0,0,0
"dioni2a",3,"med",3,0,1,7,2,1,0,0.666666666666667,"2009-07-25 00:04:22",1398,1,0,1,0,1
"kokoiaga",3,"med",3,0,1,8,3,0,0,1,"2009-09-02 02:38:41",1359,1,0,0,0,0
"Manyra",38,"power",36,2,0.947368421052632,6,38,0,0,1,"2009-09-28 22:42:24",1333,1,0,0,0,0
"anupam17",1,"low",1,0,1,8,1,0,0,1,"2009-07-31 10:47:15",1392,1,0,0,0,0
"jensena",14,"med",7,7,0.5,7,14,0,0,1,"2009-08-01 02:33:32",1391,1,0,0,0,0
"Teratorns",21,"power",13,8,0.619047619047619,9,21,0,0,1,"2009-12-01 04:05:24",1269,1,0,0,0,0
"blanc2064",1,"low",1,0,1,9,1,0,0,1,"2009-08-02 07:10:56",1390,1,0,0,0,0
"RussellMcFarland",1,"low",1,0,1,16,1,0,0,1,"2009-08-02 14:31:58",1390,1,0,0,0,0
"PositiveLiving",1,"low",0,1,0,14,1,0,0,1,"2009-08-03 01:53:58",1389,1,0,0,0,0
"Woosung",1,"low",0,1,0,7,1,0,0,1,"2009-08-03 02:06:04",1389,1,0,0,0,0
"Joetensity",5,"med",5,0,1,10,5,0,0,1,"2009-08-03 13:53:39",1389,1,0,0,0,0
"terr01",1,"low",0,1,0,6,0,1,0,0,"2009-08-04 02:58:30",1388,0,0,1,0,1
"BeePowers",9,"med",9,0,1,9,9,0,0,1,"2009-08-04 15:12:44",1388,1,0,0,0,0
"HeavenSents51",11,"med",0,11,0,13,11,0,0,1,"2009-08-20 00:29:56",1372,1,0,0,0,0
"sugarsays",2,"med",2,0,1,9,1,1,0,0.5,"2009-10-10 22:35:59",1321,1,0,1,0,1
"Teffa",2,"med",1,1,0.5,5,2,0,0,1,"2009-08-14 13:26:03",1378,1,0,0,0,0
"tepa",4,"med",4,0,1,4,4,0,0,1,"2009-08-05 08:55:40",1387,1,0,0,0,0
"zebraworld",1,"low",0,1,0,10,1,0,0,1,"2009-08-05 09:09:26",1387,1,0,0,0,0
"Essenthia",14,"med",14,0,1,9,14,0,0,1,"2009-08-06 14:37:04",1386,1,0,0,0,0
"CSchofield",1,"low",0,1,0,10,1,0,0,1,"2009-08-06 16:52:35",1386,1,0,0,0,0
"nano77",1,"low",1,0,1,6,1,0,0,1,"2009-08-07 21:21:29",1385,1,0,0,0,0
"R1cks",1,"low",1,0,1,5,1,0,0,1,"2009-08-07 23:17:55",1385,1,0,0,0,0
"nerrojj",1,"low",0,1,0,7,0,1,0,0,"2009-08-08 08:07:40",1384,0,0,1,0,1
"terryk1",10,"med",10,0,1,7,10,0,0,1,"2009-08-08 20:38:04",1384,1,0,0,0,0
"lawrencelei007",1,"low",0,1,0,14,1,0,0,1,"2009-08-09 18:54:14",1383,1,0,0,0,0
"mahalo1984",10,"med",10,0,1,10,10,0,0,1,"2009-08-11 03:35:30",1381,1,0,0,0,0
"machokriss",10,"med",10,0,1,10,10,0,0,1,"2009-08-11 05:37:09",1381,1,0,0,0,0
"clarky11",4,"med",2,2,0.5,8,4,0,0,1,"2009-08-11 10:27:04",1381,1,0,0,0,0
"LDabbs",1,"low",1,0,1,6,1,0,0,1,"2009-08-12 12:24:47",1380,1,0,0,0,0
"18061987",1,"low",1,0,1,8,1,0,0,1,"2009-08-12 12:32:09",1380,1,0,0,0,0
"aszia91",1,"low",1,0,1,7,1,0,0,1,"2009-08-12 13:16:55",1380,1,0,0,0,0
"nikina",1,"low",0,1,0,6,1,0,0,1,"2009-08-12 21:57:53",1380,1,0,0,0,0
"Sarmad",1,"low",1,0,1,6,1,0,0,1,"2009-08-13 01:58:36",1379,1,0,0,0,0
"henry24",17,"med",0,17,0,7,17,0,0,1,"2009-11-27 18:35:55",1273,1,0,0,0,0
"EsEm",1,"low",1,0,1,4,1,0,0,1,"2009-08-13 13:30:15",1379,1,0,0,0,0
"kris977",3,"med",0,3,0,7,3,0,0,1,"2009-08-18 01:30:42",1374,1,0,0,0,0
"parkay",4,"med",4,0,1,6,4,0,0,1,"2009-08-14 02:25:20",1378,1,0,0,0,0
"cdawg",2,"med",1,1,0.5,5,2,0,0,1,"2009-09-02 10:08:39",1359,1,0,0,0,0
"IgnacioNova",9,"med",0,9,0,11,9,0,0,1,"2009-08-14 06:55:43",1378,1,0,0,0,0
"NoxRy",298,"power",275,23,0.922818791946309,5,297,0,1,0.996644295302013,"2009-10-23 22:48:43",1308,1,1,0,1,0
"sen_mv",2,"med",2,0,1,6,0,2,0,0,"2009-08-15 11:16:04",1377,0,0,2,0,1
"ryan041607",2,"med",2,0,1,10,2,0,0,1,"2009-08-15 21:13:27",1377,1,0,0,0,0
"Johnwhitby",1,"low",1,0,1,10,1,0,0,1,"2009-08-15 22:10:44",1377,1,0,0,0,0
"myggen94",1,"low",0,1,0,8,1,0,0,1,"2009-08-16 20:41:19",1376,1,0,0,0,0
"inoka",14,"med",2,12,0.142857142857143,5,14,0,0,1,"2009-09-07 23:37:59",1354,1,0,0,0,0
"JohnyG14",3,"med",1,2,0.333333333333333,8,3,0,0,1,"2009-08-17 00:17:14",1375,1,0,0,0,0
"dwishard",10,"med",10,0,1,8,10,0,0,1,"2009-08-17 20:14:40",1375,1,0,0,0,0
"helenavelikaja",2,"med",2,0,1,14,2,0,0,1,"2009-08-17 20:25:09",1375,1,0,0,0,0
"toyang_a_dayap",2,"med",1,1,0.5,14,2,0,0,1,"2009-08-19 00:39:08",1373,1,0,0,0,0
"LightsInTheSky",1,"low",1,0,1,14,1,0,0,1,"2009-08-18 00:27:27",1374,1,0,0,0,0
"dolphinlovermy",1,"low",1,0,1,14,1,0,0,1,"2009-08-18 01:21:25",1374,1,0,0,0,0
"lori44",1,"low",0,1,0,6,1,0,0,1,"2009-08-18 01:46:37",1374,1,0,0,0,0
"bgurupra",1,"low",1,0,1,8,1,0,0,1,"2009-08-18 03:46:45",1374,1,0,0,0,0
"luvprincess",1,"low",1,0,1,11,1,0,0,1,"2009-08-18 10:19:32",1374,1,0,0,0,0
"Silsa",2,"med",2,0,1,5,2,0,0,1,"2009-08-18 11:06:11",1374,1,0,0,0,0
"101251",3,"med",3,0,1,6,3,0,0,1,"2009-10-25 14:02:09",1306,1,0,0,0,0
"myvargas",1,"low",1,0,1,8,1,0,0,1,"2009-08-18 14:52:07",1374,1,0,0,0,0
"coolchay",7,"med",0,7,0,8,7,0,0,1,"2009-09-10 04:40:07",1351,1,0,0,0,0
"arni4",1,"low",1,0,1,5,1,0,0,1,"2009-08-19 10:48:11",1373,1,0,0,0,0
"Darhla",5,"med",5,0,1,6,5,0,0,1,"2009-08-19 13:09:30",1373,1,0,0,0,0
"noel4037",22,"power",12,10,0.545454545454545,8,22,0,0,1,"2009-11-09 23:03:14",1291,1,0,0,0,0
"lydialogy",34,"power",26,8,0.764705882352941,9,34,0,0,1,"2009-11-23 00:16:21",1277,1,0,0,0,0
"benhealy",1,"low",0,1,0,8,1,0,0,1,"2009-08-20 04:35:18",1372,1,0,0,0,0
"rakshiv",12,"med",12,0,1,7,12,0,0,1,"2009-08-20 18:26:59",1372,1,0,0,0,0
"forganda",2,"med",2,0,1,8,1,1,0,0.5,"2009-08-20 20:06:33",1372,1,0,1,0,1
"bilalmohammed",1,"low",1,0,1,13,1,0,0,1,"2009-08-21 11:59:20",1371,1,0,0,0,0
"maurip",4,"med",2,2,0.5,6,4,0,0,1,"2009-11-28 01:34:06",1272,1,0,0,0,0
"jeng",24,"power",24,0,1,4,24,0,0,1,"2009-08-21 20:57:11",1371,1,0,0,0,0
"RiveraP1",1,"low",1,0,1,8,1,0,0,1,"2009-08-21 21:32:07",1371,1,0,0,0,0
"jeansgroup",4,"med",2,2,0.5,10,4,0,0,1,"2009-09-19 12:55:18",1342,1,0,0,0,0
"settimana",1,"low",1,0,1,9,1,0,0,1,"2009-08-22 17:59:05",1370,1,0,0,0,0
"samson0027",7,"med",0,7,0,10,7,0,0,1,"2009-10-25 05:57:16",1306,1,0,0,0,0
"Gizmo91",11,"med",11,0,1,7,11,0,0,1,"2009-08-23 04:29:08",1369,1,0,0,0,0
"jscotterv",31,"power",30,1,0.967741935483871,9,31,0,0,1,"2009-08-24 04:10:48",1368,1,0,0,0,0
"a_kh3aled",11,"med",11,0,1,9,11,0,0,1,"2009-08-26 20:38:35",1366,1,0,0,0,0
"konouzsaeed",2,"med",1,1,0.5,11,2,0,0,1,"2009-09-29 11:13:29",1332,1,0,0,0,0
"jennergy",7,"med",4,3,0.571428571428571,8,7,0,0,1,"2009-08-25 01:07:12",1367,1,0,0,0,0
"ionutz87",8,"med",8,0,1,8,8,0,0,1,"2009-08-25 05:22:47",1367,1,0,0,0,0
"ojavaid",11,"med",10,1,0.909090909090909,7,11,0,0,1,"2009-11-23 07:16:13",1277,1,0,0,0,0
"jeffparm01",1,"low",1,0,1,10,1,0,0,1,"2009-08-25 23:37:06",1367,1,0,0,0,0
"WinterzDream",1,"low",0,1,0,12,0,1,0,0,"2009-08-26 18:25:53",1366,0,0,1,0,1
"zoggy387",18,"med",16,2,0.888888888888889,8,18,0,0,1,"2009-08-27 04:53:58",1365,1,0,0,0,0
"ike8384",1,"low",1,0,1,7,1,0,0,1,"2009-08-27 05:35:39",1365,1,0,0,0,0
"ekv",1,"low",1,0,1,3,1,0,0,1,"2009-08-27 16:27:22",1365,1,0,0,0,0
"milessa",10,"med",10,0,1,7,10,0,0,1,"2009-08-28 12:46:19",1364,1,0,0,0,0
"crackdied",1,"low",1,0,1,9,1,0,0,1,"2009-08-28 23:49:50",1364,1,0,0,0,0
"insomniac27",1,"low",0,1,0,11,1,0,0,1,"2009-08-29 13:53:21",1363,1,0,0,0,0
"mrbinghamton84",3,"med",1,2,0.333333333333333,14,3,0,0,1,"2009-08-29 15:09:33",1363,1,0,0,0,0
"slackjim",3,"med",2,1,0.666666666666667,8,3,0,0,1,"2009-09-15 16:59:32",1346,1,0,0,0,0
"themageds",1,"low",1,0,1,9,1,0,0,1,"2009-08-29 23:31:45",1363,1,0,0,0,0
"rammy",10,"med",0,10,0,5,10,0,0,1,"2009-08-30 00:21:07",1362,1,0,0,0,0
"zamurzuka",22,"power",22,0,1,9,22,0,0,1,"2009-09-04 09:01:37",1357,1,0,0,0,0
"pandasod",1,"low",1,0,1,8,1,0,0,1,"2009-08-30 14:02:50",1362,1,0,0,0,0
"Kites",7,"med",7,0,1,5,7,0,0,1,"2009-08-31 03:09:33",1361,1,0,0,0,0
"paulmdickey",18,"med",1,17,0.0555555555555556,11,18,0,0,1,"2009-09-02 17:04:53",1359,1,0,0,0,0
"fidelus",1,"low",1,0,1,7,0,1,0,0,"2009-08-31 09:48:34",1361,0,0,1,0,1
"ovcataDolly",114,"power",88,26,0.771929824561403,11,110,0,4,0.964912280701754,"2009-12-01 12:25:18",1269,1,4,0,1,0
"norma27",1,"low",1,0,1,7,0,1,0,0,"2009-08-31 22:53:14",1361,0,0,1,0,1
"TheBrilliantDay",1,"low",0,1,0,15,1,0,0,1,"2009-09-01 03:27:43",1360,1,0,0,0,0
"doby",2,"med",2,0,1,4,2,0,0,1,"2009-09-01 06:19:39",1360,1,0,0,0,0
"Casanova",1,"low",1,0,1,8,1,0,0,1,"2009-09-01 20:24:17",1360,1,0,0,0,0
"alexa5471",1,"low",0,1,0,9,1,0,0,1,"2009-09-02 01:51:56",1359,1,0,0,0,0
"tmkhong",1,"low",1,0,1,7,1,0,0,1,"2009-09-02 01:53:25",1359,1,0,0,0,0
"brookiey",2,"med",2,0,1,8,1,1,0,0.5,"2009-09-02 08:18:52",1359,1,0,1,0,1
"bombastus",13,"med",13,0,1,9,13,0,0,1,"2009-09-03 13:31:50",1358,1,0,0,0,0
"camuffom",1,"low",1,0,1,8,1,0,0,1,"2009-09-02 13:46:49",1359,1,0,0,0,0
"valonis",1,"low",1,0,1,7,1,0,0,1,"2009-09-02 16:24:45",1359,1,0,0,0,0
"jluv1857",1,"low",1,0,1,8,1,0,0,1,"2009-09-02 16:44:04",1359,1,0,0,0,0
"misterhoba",7,"med",7,0,1,10,7,0,0,1,"2009-09-02 18:11:30",1359,1,0,0,0,0
"medictoa",2,"med",2,0,1,8,2,0,0,1,"2009-09-02 23:47:08",1359,1,0,0,0,0
"Bugged",2,"med",1,1,0.5,6,2,0,0,1,"2009-09-05 21:47:56",1356,1,0,0,0,0
"mtwolfs",30,"power",30,0,1,7,30,0,0,1,"2009-09-03 18:27:41",1358,1,0,0,0,0
"ccomeau54",8,"med",8,0,1,9,8,0,0,1,"2009-09-03 23:08:34",1358,1,0,0,0,0
"L4im",2,"med",2,0,1,4,2,0,0,1,"2009-09-04 10:23:43",1357,1,0,0,0,0
"ausdrucklos4",14,"med",14,0,1,12,14,0,0,1,"2009-10-24 12:52:17",1307,1,0,0,0,0
"turnup",11,"med",1,10,0.0909090909090909,6,11,0,0,1,"2009-11-06 21:57:42",1294,1,0,0,0,0
"joshmacy",2,"med",1,1,0.5,8,2,0,0,1,"2009-09-09 23:40:54",1352,1,0,0,0,0
"pirulita77",1,"low",1,0,1,10,1,0,0,1,"2009-09-05 14:09:13",1356,1,0,0,0,0
"osubahmed",1,"low",0,1,0,9,1,0,0,1,"2009-09-05 14:58:17",1356,1,0,0,0,0
"Chatterbox_Sara",27,"power",15,12,0.555555555555556,15,27,0,0,1,"2009-09-28 19:53:00",1333,1,0,0,0,0
"valeshuv",4,"med",4,0,1,8,4,0,0,1,"2009-09-06 11:08:50",1355,1,0,0,0,0
"ExquisiteKay",6,"med",0,6,0,12,6,0,0,1,"2009-11-27 07:53:54",1273,1,0,0,0,0
"dirtygsus",10,"med",0,10,0,9,10,0,0,1,"2009-09-06 22:40:57",1355,1,0,0,0,0
"NICKROMO",7,"med",6,1,0.857142857142857,8,7,0,0,1,"2009-09-14 19:31:26",1347,1,0,0,0,0
"paui14",5,"med",4,1,0.8,6,5,0,0,1,"2009-09-07 04:04:46",1354,1,0,0,0,0
"hrd",4,"med",0,4,0,3,4,0,0,1,"2009-09-09 11:07:47",1352,1,0,0,0,0
"PrinceAL",40,"power",35,5,0.875,8,34,6,0,0.85,"2009-09-27 11:30:02",1334,1,0,6,0,1
"crispychristy",8,"med",3,5,0.375,13,8,0,0,1,"2009-11-29 19:54:58",1271,1,0,0,0,0
"Dera",1,"low",1,0,1,4,1,0,0,1,"2009-09-07 17:44:25",1354,1,0,0,0,0
"dka",1,"low",1,0,1,3,1,0,0,1,"2009-09-08 14:54:24",1353,1,0,0,0,0
"Chevboy",2,"med",2,0,1,7,2,0,0,1,"2009-09-08 23:44:01",1353,1,0,0,0,0
"misho_d7",10,"med",10,0,1,8,10,0,0,1,"2009-09-09 00:49:46",1352,1,0,0,0,0
"swalsh101",2,"med",2,0,1,9,2,0,0,1,"2009-09-09 10:59:01",1352,1,0,0,0,0
"Omarista",3,"med",3,0,1,8,3,0,0,1,"2009-09-10 17:26:14",1351,1,0,0,0,0
"youngds01",5,"med",0,5,0,9,5,0,0,1,"2009-09-10 22:09:35",1351,1,0,0,0,0
"ghcloverfld",46,"power",28,18,0.608695652173913,11,46,0,0,1,"2009-09-13 14:16:31",1348,1,0,0,0,0
"njgrifiths",1,"low",1,0,1,10,1,0,0,1,"2009-09-10 18:34:13",1351,1,0,0,0,0
"dexta",3,"med",3,0,1,5,3,0,0,1,"2009-09-11 10:35:51",1350,1,0,0,0,0
"kamabery",1,"low",0,1,0,8,1,0,0,1,"2009-09-11 22:39:25",1350,1,0,0,0,0
"kegrimm",213,"power",211,2,0.990610328638498,7,209,0,4,0.981220657276995,"2009-11-12 20:46:08",1288,1,4,0,1,0
"mlalderm",3,"med",3,0,1,8,3,0,0,1,"2009-09-13 05:32:21",1348,1,0,0,0,0
"heggahegga",39,"power",23,16,0.58974358974359,10,39,0,0,1,"2009-09-13 10:46:47",1348,1,0,0,0,0
"TerapinKing",12,"med",12,0,1,11,12,0,0,1,"2009-09-14 09:11:01",1347,1,0,0,0,0
"forestming",1,"low",1,0,1,10,1,0,0,1,"2009-09-13 16:42:12",1348,1,0,0,0,0
"jkojis",18,"med",7,11,0.388888888888889,6,18,0,0,1,"2009-10-06 20:41:24",1325,1,0,0,0,0
"ebaumgartner1",1,"low",1,0,1,13,1,0,0,1,"2009-09-13 20:51:54",1348,1,0,0,0,0
"stopdropROLL",1,"low",1,0,1,12,1,0,0,1,"2009-09-13 21:01:06",1348,1,0,0,0,0
"whyfloppy",9,"med",8,1,0.888888888888889,9,9,0,0,1,"2009-09-13 22:21:56",1348,1,0,0,0,0
"highesp",15,"med",9,6,0.6,7,15,0,0,1,"2009-09-13 23:07:44",1348,1,0,0,0,0
"jeffwood",1,"low",1,0,1,8,1,0,0,1,"2009-09-14 01:18:43",1347,1,0,0,0,0
"fadikelzia",1,"low",1,0,1,10,1,0,0,1,"2009-09-14 10:17:42",1347,1,0,0,0,0
"esmeralda",3,"med",3,0,1,9,3,0,0,1,"2009-09-17 13:48:24",1344,1,0,0,0,0
"Bookworm",31,"power",21,10,0.67741935483871,8,31,0,0,1,"2009-10-25 14:16:55",1306,1,0,0,0,0
"mmmg",1,"low",1,0,1,4,1,0,0,1,"2009-09-14 22:25:13",1347,1,0,0,0,0
"theryanbarnes",6,"med",6,0,1,13,6,0,0,1,"2009-09-15 05:05:40",1346,1,0,0,0,0
"bazeleza",20,"med",10,10,0.5,8,20,0,0,1,"2009-09-18 07:01:51",1343,1,0,0,0,0
"mburatov",2,"med",1,1,0.5,8,2,0,0,1,"2009-09-15 19:42:30",1346,1,0,0,0,0
"OggiePrima",2,"med",1,1,0.5,10,2,0,0,1,"2009-09-22 04:21:36",1339,1,0,0,0,0
"lmyrfield",26,"power",23,3,0.884615384615385,9,26,0,0,1,"2009-11-19 22:06:33",1281,1,0,0,0,0
"kelsiguidry",2,"med",2,0,1,11,2,0,0,1,"2009-09-17 18:19:20",1344,1,0,0,0,0
"razr711",7,"med",6,1,0.857142857142857,7,7,0,0,1,"2009-09-17 23:52:18",1344,1,0,0,0,0
"mainhuhoa",30,"power",30,0,1,9,30,0,0,1,"2009-09-18 23:32:45",1343,1,0,0,0,0
"kristbradley",10,"med",10,0,1,12,10,0,0,1,"2009-09-19 01:26:35",1342,1,0,0,0,0
"muhlers",10,"med",10,0,1,7,10,0,0,1,"2009-09-19 10:39:29",1342,1,0,0,0,0
"ALAA27",3,"med",1,2,0.333333333333333,6,3,0,0,1,"2009-09-24 22:26:19",1337,1,0,0,0,0
"n3oS7oRm",9,"med",5,4,0.555555555555556,8,9,0,0,1,"2009-09-19 16:05:42",1342,1,0,0,0,0
"_teebs",10,"med",10,0,1,6,10,0,0,1,"2009-09-20 03:06:57",1341,1,0,0,0,0
"canniebis",10,"med",9,1,0.9,9,10,0,0,1,"2009-10-08 06:08:59",1323,1,0,0,0,0
"vexxtra",34,"power",29,5,0.852941176470588,7,34,0,0,1,"2009-09-20 14:17:54",1341,1,0,0,0,0
"spacegirlholly",10,"med",10,0,1,14,10,0,0,1,"2009-11-27 00:25:40",1273,1,0,0,0,0
"redheaddginny",5,"med",5,0,1,13,5,0,0,1,"2009-11-07 01:10:03",1293,1,0,0,0,0
"Tina_Fries",8,"med",0,8,0,10,8,0,0,1,"2009-10-01 11:20:05",1330,1,0,0,0,0
"rncares",1,"low",1,0,1,7,1,0,0,1,"2009-09-21 11:26:31",1340,1,0,0,0,0
"Anees",19,"med",17,2,0.894736842105263,5,19,0,0,1,"2009-10-18 12:33:12",1313,1,0,0,0,0
"nx02columbia",1,"low",1,0,1,12,1,0,0,1,"2009-09-22 20:41:07",1339,1,0,0,0,0
"inrock84",2,"med",1,1,0.5,8,2,0,0,1,"2009-10-09 09:02:23",1322,1,0,0,0,0
"chiggy1",4,"med",4,0,1,7,4,0,0,1,"2009-09-23 08:09:38",1338,1,0,0,0,0
"Glowbird",4,"med",3,1,0.75,8,4,0,0,1,"2009-10-01 19:38:59",1330,1,0,0,0,0
"veej",10,"med",10,0,1,4,10,0,0,1,"2009-09-24 10:05:58",1337,1,0,0,0,0
"dimitrispapantonakis",1,"low",1,0,1,20,1,0,0,1,"2009-09-24 16:31:16",1337,1,0,0,0,0
"121roses",9,"med",5,4,0.555555555555556,8,7,0,2,0.777777777777778,"2009-11-19 23:44:54",1281,1,2,0,1,0
"tonyrances",2,"med",2,0,1,10,1,1,0,0.5,"2009-09-25 20:22:32",1336,1,0,1,0,1
"Valent_Leong",1,"low",1,0,1,12,1,0,0,1,"2009-09-26 13:15:50",1335,1,0,0,0,0
"saratenney",1,"low",1,0,1,10,1,0,0,1,"2009-09-26 16:23:14",1335,1,0,0,0,0
"lesleydecay",24,"power",19,5,0.791666666666667,11,24,0,0,1,"2009-09-26 19:30:22",1335,1,0,0,0,0
"WiNgO",1,"low",0,1,0,5,0,1,0,0,"2009-09-26 19:51:40",1335,0,0,1,0,1
"pmatos",1,"low",1,0,1,6,0,1,0,0,"2009-09-26 23:37:10",1335,0,0,1,0,1
"woofgang",1,"low",0,1,0,8,1,0,0,1,"2009-09-27 01:36:43",1334,1,0,0,0,0
"ashleyosaurus",1,"low",1,0,1,13,1,0,0,1,"2009-09-27 06:13:33",1334,1,0,0,0,0
"raider234",1,"low",0,1,0,9,1,0,0,1,"2009-09-27 10:40:17",1334,1,0,0,0,0
"affrica",12,"med",5,7,0.416666666666667,7,12,0,0,1,"2009-09-27 19:48:05",1334,1,0,0,0,0
"evaristus",11,"med",11,0,1,9,11,0,0,1,"2009-10-14 01:31:11",1317,1,0,0,0,0
"aliciarivera",2,"med",2,0,1,12,2,0,0,1,"2009-09-29 00:50:41",1332,1,0,0,0,0
"aantelkolkata",5,"med",5,0,1,13,5,0,0,1,"2009-10-05 17:03:23",1326,1,0,0,0,0
"spy457",3,"med",2,1,0.666666666666667,6,3,0,0,1,"2009-09-30 00:40:16",1331,1,0,0,0,0
"reynoldsirugby",2,"med",2,0,1,14,2,0,0,1,"2009-10-01 09:12:37",1330,1,0,0,0,0
"raunaqvbp",8,"med",7,1,0.875,9,8,0,0,1,"2009-10-07 02:46:21",1324,1,0,0,0,0
"kartog",1,"low",0,1,0,6,1,0,0,1,"2009-10-01 13:18:14",1330,1,0,0,0,0
"staay",1,"low",1,0,1,5,0,1,0,0,"2009-10-01 18:14:04",1330,0,0,1,0,1
"fmedina",1,"low",1,0,1,7,1,0,0,1,"2009-10-02 06:37:11",1329,1,0,0,0,0
"SAGAR_N_GURNANI",1,"low",0,1,0,15,1,0,0,1,"2009-10-02 06:54:19",1329,1,0,0,0,0
"tjcoops",1,"low",1,0,1,7,0,1,0,0,"2009-10-02 15:14:15",1329,0,0,1,0,1
"d4NGER",12,"med",12,0,1,6,12,0,0,1,"2009-10-03 13:51:53",1328,1,0,0,0,0
"deonj",7,"med",2,5,0.285714285714286,5,7,0,0,1,"2009-11-19 05:41:34",1281,1,0,0,0,0
"jkapwa",2,"med",2,0,1,6,2,0,0,1,"2009-10-04 13:46:22",1327,1,0,0,0,0
"lamalams",1,"low",0,1,0,8,1,0,0,1,"2009-10-06 22:42:02",1325,1,0,0,0,0
"shqipe11",28,"power",22,6,0.785714285714286,8,28,0,0,1,"2009-10-07 22:31:54",1324,1,0,0,0,0
"albobby54",2,"med",1,1,0.5,9,2,0,0,1,"2009-11-04 00:21:15",1296,1,0,0,0,0
"nickncathy",16,"med",11,5,0.6875,10,10,0,6,0.625,"2009-11-28 17:00:37",1272,1,6,0,1,0
"cigla",1,"low",0,1,0,5,1,0,0,1,"2009-10-08 16:28:05",1323,1,0,0,0,0
"coky",2,"med",2,0,1,4,2,0,0,1,"2009-10-21 15:32:46",1310,1,0,0,0,0
"jazzaim",1,"low",1,0,1,7,1,0,0,1,"2009-10-09 03:20:06",1322,1,0,0,0,0
"heastiesbeasties",4,"med",0,4,0,16,4,0,0,1,"2009-10-09 23:35:30",1322,1,0,0,0,0
"JamMistry",6,"med",3,3,0.5,9,6,0,0,1,"2009-10-10 13:29:09",1321,1,0,0,0,0
"darthjoey",31,"power",31,0,1,9,31,0,0,1,"2009-10-15 03:07:45",1316,1,0,0,0,0
"elephanthop",11,"med",11,0,1,11,11,0,0,1,"2009-10-10 21:20:46",1321,1,0,0,0,0
"huazhong",1,"low",1,0,1,8,1,0,0,1,"2009-10-11 05:13:15",1320,1,0,0,0,0
"jackmconley",5,"med",2,3,0.4,11,3,0,2,0.6,"2009-10-11 05:26:31",1320,1,2,0,1,0
"c_baker27",1,"low",0,1,0,9,1,0,0,1,"2009-10-11 09:41:33",1320,1,0,0,0,0
"deanavy",17,"med",16,1,0.941176470588235,7,16,0,1,0.941176470588235,"2009-10-11 13:49:09",1320,1,1,0,1,0
"kevojy",2,"med",2,0,1,6,2,0,0,1,"2009-10-12 05:46:07",1319,1,0,0,0,0
"M_J_O",10,"med",10,0,1,5,10,0,0,1,"2009-11-29 03:40:42",1271,1,0,0,0,0
"don34",1,"low",1,0,1,5,1,0,0,1,"2009-10-13 19:46:16",1318,1,0,0,0,0
"napoleoncardona",1,"low",1,0,1,15,1,0,0,1,"2009-10-13 23:25:46",1318,1,0,0,0,0
"Voxavious",103,"power",72,31,0.699029126213592,9,86,0,17,0.83495145631068,"2009-11-05 03:06:21",1295,1,17,0,1,0
"jackie_b_a",20,"med",20,0,1,10,20,0,0,1,"2009-10-15 06:30:46",1316,1,0,0,0,0
"outr8ged",11,"med",10,1,0.909090909090909,8,11,0,0,1,"2009-11-28 09:09:29",1272,1,0,0,0,0
"cornelius37",4,"med",3,1,0.75,11,4,0,0,1,"2009-10-14 12:06:48",1317,1,0,0,0,0
"Slugy",9,"med",6,3,0.666666666666667,5,9,0,0,1,"2009-10-14 21:44:11",1317,1,0,0,0,0
"andywibbels",15,"med",5,10,0.333333333333333,11,15,0,0,1,"2009-10-15 20:00:14",1316,1,0,0,0,0
"amix47",1,"low",1,0,1,6,1,0,0,1,"2009-10-15 07:04:40",1316,1,0,0,0,0
"MetalStorm",28,"power",19,9,0.678571428571429,10,28,0,0,1,"2009-10-22 14:50:25",1309,1,0,0,0,0
"fingerswoodstring",7,"med",2,5,0.285714285714286,17,7,0,0,1,"2009-10-16 18:30:04",1315,1,0,0,0,0
"sevagrom",3,"med",3,0,1,8,2,1,0,0.666666666666667,"2009-10-16 21:14:53",1315,1,0,1,0,1
"eyatoes",9,"med",9,0,1,7,9,0,0,1,"2009-10-17 09:19:13",1314,1,0,0,0,0
"kikinho7",1,"low",1,0,1,8,1,0,0,1,"2009-10-17 14:36:34",1314,1,0,0,0,0
"stonya31",5,"med",5,0,1,8,5,0,0,1,"2009-10-18 02:30:28",1313,1,0,0,0,0
"alihughes",3,"med",0,3,0,9,3,0,0,1,"2009-10-18 05:29:21",1313,1,0,0,0,0
"luciddream",1,"low",1,0,1,10,0,1,0,0,"2009-10-18 12:47:01",1313,0,0,1,0,1
"mandeepvats",1,"low",0,1,0,11,1,0,0,1,"2009-10-18 15:32:07",1313,1,0,0,0,0
"annaquinndavis",1,"low",1,0,1,14,1,0,0,1,"2009-10-18 22:27:09",1313,1,0,0,0,0
"frankdoodles",1,"low",1,0,1,12,0,1,0,0,"2009-10-19 00:15:03",1312,0,0,1,0,1
"nickpeters",20,"med",4,16,0.2,10,20,0,0,1,"2009-11-26 12:13:42",1274,1,0,0,0,0
"Beckyfrog",109,"power",93,16,0.853211009174312,9,96,0,13,0.880733944954128,"2009-11-06 23:50:03",1294,1,13,0,1,0
"lisaamos1",1,"low",0,1,0,9,1,0,0,1,"2009-10-21 09:32:15",1310,1,0,0,0,0
"gandawijaya",2,"med",2,0,1,11,2,0,0,1,"2009-10-21 13:28:25",1310,1,0,0,0,0
"sylwia_test_prod",8,"med",3,5,0.375,16,8,0,0,1,"2009-10-26 21:58:45",1305,1,0,0,0,0
"suegray6961",4,"med",0,4,0,11,3,0,1,0.75,"2009-10-21 18:27:32",1310,1,1,0,1,0
"virtualgina",10,"med",10,0,1,11,10,0,0,1,"2009-10-21 22:43:55",1310,1,0,0,0,0
"galj",1,"low",1,0,1,4,1,0,0,1,"2009-10-22 16:32:18",1309,1,0,0,0,0
"vrnerud",53,"power",53,0,1,7,53,0,0,1,"2009-10-22 21:12:27",1309,1,0,0,0,0
"barbiemann1",1,"low",1,0,1,11,1,0,0,1,"2009-10-22 23:27:17",1309,1,0,0,0,0
"mitchellashley",43,"power",34,9,0.790697674418605,14,40,0,3,0.930232558139535,"2009-10-27 14:49:14",1304,1,3,0,1,0
"Meliy",2,"med",2,0,1,5,2,0,0,1,"2009-10-23 02:19:09",1308,1,0,0,0,0
"lickerendous24",10,"med",10,0,1,14,10,0,0,1,"2009-10-23 04:19:00",1308,1,0,0,0,0
"RipRap",3,"med",1,2,0.333333333333333,6,2,0,1,0.666666666666667,"2009-10-23 05:37:09",1308,1,1,0,1,0
"ZegaZega1Up",194,"power",163,31,0.84020618556701,11,156,0,38,0.804123711340206,"2009-11-26 17:36:48",1274,1,38,0,1,0
"yetis",10,"med",10,0,1,5,10,0,0,1,"2009-10-23 08:44:27",1308,1,0,0,0,0
"asta_d",4,"med",4,0,1,6,4,0,0,1,"2009-10-23 15:07:09",1308,1,0,0,0,0
"airdiva",3,"med",2,1,0.666666666666667,7,3,0,0,1,"2009-11-14 06:05:22",1286,1,0,0,0,0
"Pheonix74",11,"med",11,0,1,9,11,0,0,1,"2009-11-14 20:24:56",1286,1,0,0,0,0
"Westonj",11,"med",10,1,0.909090909090909,7,11,0,0,1,"2009-11-13 01:03:14",1287,1,0,0,0,0
"dinsas",1,"low",1,0,1,6,1,0,0,1,"2009-10-25 01:38:23",1306,1,0,0,0,0
"paulthomley",89,"power",72,17,0.808988764044944,11,49,0,40,0.550561797752809,"2009-11-18 01:38:06",1282,1,40,0,1,0
"chrisdennis",1,"low",1,0,1,11,1,0,0,1,"2009-10-25 16:31:46",1306,1,0,0,0,0
"vikas84",1,"low",1,0,1,7,1,0,0,1,"2009-10-25 17:58:45",1306,1,0,0,0,0
"doggzy",11,"med",10,1,0.909090909090909,6,11,0,0,1,"2009-11-24 21:31:54",1276,1,0,0,0,0
"arees",1,"low",1,0,1,5,1,0,0,1,"2009-10-25 19:13:13",1306,1,0,0,0,0
"immunity",32,"power",20,12,0.625,8,31,0,1,0.96875,"2009-11-07 19:18:52",1293,1,1,0,1,0
"freemen64",4,"med",4,0,1,9,4,0,0,1,"2009-10-26 17:05:06",1305,1,0,0,0,0
"KMulgrum",5,"med",2,3,0.4,8,5,0,0,1,"2009-10-26 19:03:34",1305,1,0,0,0,0
"thewest17",122,"power",95,27,0.778688524590164,9,119,0,3,0.975409836065574,"2009-11-21 07:13:10",1279,1,3,0,1,0
"SativaBella",8,"med",1,7,0.125,11,7,0,1,0.875,"2009-10-26 19:27:14",1305,1,1,0,1,0
"8jayma",1,"low",1,0,1,6,1,0,0,1,"2009-10-26 20:15:41",1305,1,0,0,0,0
"tabid",28,"power",28,0,1,5,22,0,6,0.785714285714286,"2009-10-26 21:02:57",1305,1,6,0,1,0
"cabridges",62,"power",62,0,1,9,55,0,7,0.887096774193548,"2009-10-26 20:54:46",1305,1,7,0,1,0
"katja_popova1",2,"med",2,0,1,13,2,0,0,1,"2009-10-26 20:51:53",1305,1,0,0,0,0
"bonyboy",11,"med",10,1,0.909090909090909,7,11,0,0,1,"2009-10-26 21:23:42",1305,1,0,0,0,0
"mmartoccia",86,"power",72,14,0.837209302325581,10,84,0,2,0.976744186046512,"2009-11-30 19:07:43",1270,1,2,0,1,0
"obscidian_luppas",5,"med",1,4,0.2,16,5,0,0,1,"2009-11-23 02:30:21",1277,1,0,0,0,0
"jesuscripes",119,"power",112,7,0.941176470588235,11,77,0,42,0.647058823529412,"2009-10-26 22:21:38",1305,1,42,0,1,0
"jms101",8,"med",8,0,1,6,8,0,0,1,"2009-10-26 22:27:18",1305,1,0,0,0,0
"7531",1,"low",1,0,1,4,1,0,0,1,"2009-10-26 22:46:22",1305,1,0,0,0,0
"sethharwood",1,"low",1,0,1,11,1,0,0,1,"2009-10-26 23:42:07",1305,1,0,0,0,0
"nicholasjay7",4,"med",4,0,1,12,4,0,0,1,"2009-11-09 06:13:51",1291,1,0,0,0,0
"Thorius",62,"power",44,18,0.709677419354839,7,46,0,16,0.741935483870968,"2009-11-19 00:59:23",1281,1,16,0,1,0
"carwashguy",102,"power",102,0,1,10,67,0,35,0.656862745098039,"2009-11-16 01:52:50",1284,1,35,0,1,0
"bvaught07",25,"power",25,0,1,9,21,0,4,0.84,"2009-10-27 00:45:11",1304,1,4,0,1,0
"Marveliousmermaid",2,"med",0,2,0,17,2,0,0,1,"2009-10-27 01:33:19",1304,1,0,0,0,0
"Z3RO",11,"med",10,1,0.909090909090909,4,11,0,0,1,"2009-10-30 01:51:39",1301,1,0,0,0,0
"ryanclark21",14,"med",14,0,1,11,13,0,1,0.928571428571429,"2009-10-27 03:44:16",1304,1,1,0,1,0
"tipoftheiceberg",2,"med",1,1,0.5,15,2,0,0,1,"2009-11-15 22:05:46",1285,1,0,0,0,0
"Jeffuu1",9,"med",9,0,1,7,9,0,0,1,"2009-10-27 05:26:09",1304,1,0,0,0,0
"velstrom",179,"power",179,0,1,8,158,0,21,0.88268156424581,"2009-11-22 18:30:31",1278,1,21,0,1,0
"acgorham",2,"med",2,0,1,8,2,0,0,1,"2009-10-27 09:10:52",1304,1,0,0,0,0
"derocheam",59,"power",59,0,1,9,50,0,9,0.847457627118644,"2009-10-27 12:07:48",1304,1,9,0,1,0
"chs",10,"med",10,0,1,3,10,0,0,1,"2009-10-27 13:59:47",1304,1,0,0,0,0
"outchy",16,"med",16,0,1,6,16,0,0,1,"2009-10-27 14:32:06",1304,1,0,0,0,0
"markocavka",53,"power",53,0,1,10,50,0,3,0.943396226415094,"2009-11-04 20:06:43",1296,1,3,0,1,0
"Mandava",57,"power",56,1,0.982456140350877,7,56,0,1,0.982456140350877,"2009-11-18 07:22:52",1282,1,1,0,1,0
"thiagobferreira",7,"med",7,0,1,15,7,0,0,1,"2009-10-27 19:13:12",1304,1,0,0,0,0
"jdoldnumbr07",2,"med",2,0,1,12,2,0,0,1,"2009-10-27 19:14:37",1304,1,0,0,0,0
"dani_hs",4,"med",2,2,0.5,7,4,0,0,1,"2009-10-27 19:46:10",1304,1,0,0,0,0
"luly",19,"med",19,0,1,4,14,0,5,0.736842105263158,"2009-10-27 20:39:37",1304,1,5,0,1,0
"jranson87",14,"med",14,0,1,9,14,0,0,1,"2009-10-27 21:23:12",1304,1,0,0,0,0
"baberim",130,"power",80,50,0.615384615384615,7,101,0,29,0.776923076923077,"2009-12-02 00:12:46",1268,1,29,0,1,0
"SWF",8,"med",3,5,0.375,3,8,0,0,1,"2009-10-28 00:50:25",1303,1,0,0,0,0
"songguy",19,"med",18,1,0.947368421052632,7,19,0,0,1,"2009-11-14 03:05:29",1286,1,0,0,0,0
"cjmconnors",10,"med",10,0,1,10,10,0,0,1,"2009-10-28 02:01:39",1303,1,0,0,0,0
"Jessica_Blessing",9,"med",0,9,0,16,9,0,0,1,"2009-10-28 05:05:32",1303,1,0,0,0,0
"svensond",1,"low",1,0,1,8,1,0,0,1,"2009-10-28 10:42:14",1303,1,0,0,0,0
"gpingry",1,"low",1,0,1,7,1,0,0,1,"2009-10-28 16:35:04",1303,1,0,0,0,0
"bplants",68,"power",40,28,0.588235294117647,7,68,0,0,1,"2009-10-31 15:21:15",1300,1,0,0,0,0
"torloneg",3,"med",3,0,1,8,3,0,0,1,"2009-10-28 19:25:19",1303,1,0,0,0,0
"reayds",2,"med",2,0,1,6,2,0,0,1,"2009-10-28 19:57:42",1303,1,0,0,0,0
"sdavis",2,"med",1,1,0.5,6,2,0,0,1,"2009-10-28 21:57:21",1303,1,0,0,0,0
"rhops",1,"low",1,0,1,5,1,0,0,1,"2009-10-29 00:47:58",1302,1,0,0,0,0
"Thea",15,"med",15,0,1,4,15,0,0,1,"2009-10-29 03:52:11",1302,1,0,0,0,0
"liscueva",6,"med",1,5,0.166666666666667,8,6,0,0,1,"2009-10-29 05:05:04",1302,1,0,0,0,0
"Akilias",2,"med",2,0,1,7,2,0,0,1,"2009-10-29 14:55:37",1302,1,0,0,0,0
"ceaajagd",3,"med",0,3,0,8,3,0,0,1,"2009-11-05 01:08:51",1295,1,0,0,0,0
"chrisonline1991",23,"power",23,0,1,15,23,0,0,1,"2009-10-30 16:07:03",1301,1,0,0,0,0
"bixchtokes",3,"med",3,0,1,10,3,0,0,1,"2009-10-30 02:48:47",1301,1,0,0,0,0
"Clearshadows",3,"med",3,0,1,12,3,0,0,1,"2009-10-30 02:50:37",1301,1,0,0,0,0
"jaysd74",20,"med",19,1,0.95,7,16,0,4,0.8,"2009-10-30 03:19:03",1301,1,4,0,1,0
"Simpsons",6,"med",6,0,1,8,4,0,2,0.666666666666667,"2009-11-13 11:43:21",1287,1,2,0,1,0
"brotherspid",1,"low",0,1,0,11,1,0,0,1,"2009-10-30 06:04:37",1301,1,0,0,0,0
"GrahamYoung",469,"power",412,57,0.878464818763326,11,449,0,20,0.957356076759062,"2009-11-28 15:30:25",1272,1,20,0,1,0
"samanthada11",7,"med",7,0,1,12,7,0,0,1,"2009-10-30 15:47:37",1301,1,0,0,0,0
"israelcsus",6,"med",6,0,1,10,6,0,0,1,"2009-10-30 17:47:36",1301,1,0,0,0,0
"mjallday",18,"med",18,0,1,8,18,0,0,1,"2009-10-31 08:08:31",1300,1,0,0,0,0
"Levanticus",45,"power",33,12,0.733333333333333,10,39,0,6,0.866666666666667,"2009-11-08 22:58:18",1292,1,6,0,1,0
"stembrand",5,"med",4,1,0.8,9,4,0,1,0.8,"2009-11-06 22:28:03",1294,1,1,0,1,0
"vimota",29,"power",29,0,1,6,27,0,2,0.931034482758621,"2009-11-13 23:52:44",1287,1,2,0,1,0
"tornrny",30,"power",7,23,0.233333333333333,7,23,0,7,0.766666666666667,"2009-11-30 22:40:02",1270,1,7,0,1,0
"cleiidinha",35,"power",20,15,0.571428571428571,10,2,0,33,0.0571428571428571,"2009-10-31 23:24:15",1300,1,33,0,1,0
"kailualisa",21,"power",10,11,0.476190476190476,10,21,0,0,1,"2009-11-01 03:38:47",1299,1,0,0,0,0
"marquitathomas",10,"med",10,0,1,14,10,0,0,1,"2009-11-02 01:28:34",1298,1,0,0,0,0
"jkarp",10,"med",10,0,1,5,10,0,0,1,"2009-11-01 01:15:45",1299,1,0,0,0,0
"rjoanne1",4,"med",4,0,1,8,4,0,0,1,"2009-11-05 16:51:07",1295,1,0,0,0,0
"shamanpanda",17,"med",17,0,1,11,17,0,0,1,"2009-11-09 06:21:52",1291,1,0,0,0,0
"katelynnicolemostad",20,"med",20,0,1,19,20,0,0,1,"2009-11-01 17:10:13",1299,1,0,0,0,0
"italyproperty",1,"low",1,0,1,13,1,0,0,1,"2009-11-01 22:27:50",1299,1,0,0,0,0
"erwinprasmanta",1,"low",1,0,1,14,1,0,0,1,"2009-11-01 23:17:33",1299,1,0,0,0,0
"suyogmody",1,"low",1,0,1,9,0,1,0,0,"2009-11-02 00:04:31",1298,0,0,1,0,1
"oskaria",1,"low",0,1,0,7,1,0,0,1,"2009-11-02 01:03:26",1298,1,0,0,0,0
"Katey",34,"power",28,6,0.823529411764706,5,34,0,0,1,"2009-11-26 19:38:32",1274,1,0,0,0,0
"brendy",2,"med",2,0,1,6,2,0,0,1,"2009-11-06 06:34:25",1294,1,0,0,0,0
"amandapenny",10,"med",10,0,1,11,10,0,0,1,"2009-11-02 14:44:57",1298,1,0,0,0,0
"BriivsVaards",8,"med",7,1,0.875,12,8,0,0,1,"2009-11-02 15:28:27",1298,1,0,0,0,0
"laughcrazy",3,"med",3,0,1,10,3,0,0,1,"2009-11-02 16:23:19",1298,1,0,0,0,0
"nicks",1,"low",0,1,0,5,1,0,0,1,"2009-11-02 20:30:23",1298,1,0,0,0,0
"fedesoria",22,"power",22,0,1,9,21,0,1,0.954545454545455,"2009-11-02 20:47:44",1298,1,1,0,1,0
"emmanuelay",3,"med",3,0,1,10,3,0,0,1,"2009-11-02 21:11:09",1298,1,0,0,0,0
"lhcoyle4",34,"power",34,0,1,8,29,0,5,0.852941176470588,"2009-11-14 02:23:55",1286,1,5,0,1,0
"aylas",1,"low",1,0,1,5,1,0,0,1,"2009-11-03 10:57:24",1297,1,0,0,0,0
"sergioa",11,"med",11,0,1,7,11,0,0,1,"2009-11-03 17:02:03",1297,1,0,0,0,0
"allegra",35,"power",35,0,1,7,24,0,11,0.685714285714286,"2009-11-03 23:59:06",1297,1,11,0,1,0
"veromayorga",8,"med",8,0,1,11,8,0,0,1,"2009-11-04 16:47:53",1296,1,0,0,0,0
"Damita37",3,"med",3,0,1,8,3,0,0,1,"2009-11-04 17:36:33",1296,1,0,0,0,0
"mbarria",8,"med",7,1,0.875,7,8,0,0,1,"2009-11-05 00:08:27",1295,1,0,0,0,0
"along01",29,"power",17,12,0.586206896551724,7,29,0,0,1,"2009-11-05 02:29:28",1295,1,0,0,0,0
"loriwrites",37,"power",37,0,1,10,29,0,8,0.783783783783784,"2009-11-05 02:10:43",1295,1,8,0,1,0
"himleng",1,"low",1,0,1,7,0,1,0,0,"2009-11-05 03:50:17",1295,0,0,1,0,1
"angellius",11,"med",10,1,0.909090909090909,9,11,0,0,1,"2009-11-15 07:12:44",1285,1,0,0,0,0
"ramiredram",46,"power",46,0,1,10,29,0,17,0.630434782608696,"2009-11-05 23:33:44",1295,1,17,0,1,0
"hiennga",8,"med",8,0,1,7,8,0,0,1,"2009-11-24 04:45:21",1276,1,0,0,0,0
"mukubes",2,"med",1,1,0.5,7,2,0,0,1,"2009-11-06 08:31:59",1294,1,0,0,0,0
"marsbard",11,"med",9,2,0.818181818181818,8,9,0,2,0.818181818181818,"2009-11-20 14:28:20",1280,1,2,0,1,0
"welma",11,"med",11,0,1,5,11,0,0,1,"2009-11-06 16:30:15",1294,1,0,0,0,0
"cjcheapjoke87",5,"med",4,1,0.8,13,5,0,0,1,"2009-11-07 20:25:35",1293,1,0,0,0,0
"ismamulya",1,"low",1,0,1,9,1,0,0,1,"2009-11-07 06:40:49",1293,1,0,0,0,0
"serkan_odabas07",1,"low",1,0,1,15,1,0,0,1,"2009-11-07 09:05:07",1293,1,0,0,0,0
"lt311hockey91",1,"low",1,0,1,13,1,0,0,1,"2009-11-07 16:50:47",1293,1,0,0,0,0
"holliday_golightly",6,"med",6,0,1,18,6,0,0,1,"2009-11-12 17:28:38",1288,1,0,0,0,0
"caj77",75,"power",73,2,0.973333333333333,5,56,0,19,0.746666666666667,"2009-11-08 05:59:52",1292,1,19,0,1,0
"nikolidakis",1,"low",1,0,1,11,1,0,0,1,"2009-11-08 15:21:38",1292,1,0,0,0,0
"micokonsep",1,"low",1,0,1,10,0,1,0,0,"2009-11-08 18:35:32",1292,0,0,1,0,1
"TomF",11,"med",10,1,0.909090909090909,4,11,0,0,1,"2009-11-13 18:36:04",1287,1,0,0,0,0
"jepa",1,"low",1,0,1,4,1,0,0,1,"2009-11-08 21:46:11",1292,1,0,0,0,0
"bluRoxxy27",4,"med",2,2,0.5,10,4,0,0,1,"2009-11-08 23:59:57",1292,1,0,0,0,0
"imrehg",3,"med",3,0,1,6,3,0,0,1,"2009-11-09 04:18:30",1291,1,0,0,0,0
"aynurozlem",1,"low",1,0,1,10,1,0,0,1,"2009-11-09 07:06:01",1291,1,0,0,0,0
"slavena",10,"med",10,0,1,7,10,0,0,1,"2009-11-09 12:08:47",1291,1,0,0,0,0
"medo_ahlawy",10,"med",10,0,1,11,10,0,0,1,"2009-11-09 21:36:11",1291,1,0,0,0,0
"alaverdy",6,"med",5,1,0.833333333333333,8,6,0,0,1,"2009-11-21 16:11:38",1279,1,0,0,0,0
"zulchem",2,"med",2,0,1,7,2,0,0,1,"2009-11-10 08:35:32",1290,1,0,0,0,0
"urbangrl2007",10,"med",10,0,1,12,10,0,0,1,"2009-11-10 21:41:43",1290,1,0,0,0,0
"lcjonas",10,"med",10,0,1,7,10,0,0,1,"2009-11-11 01:54:38",1289,1,0,0,0,0
"jakimovska",2,"med",2,0,1,10,2,0,0,1,"2009-11-13 22:20:14",1287,1,0,0,0,0
"ramira",2,"med",2,0,1,6,2,0,0,1,"2009-11-11 14:28:17",1289,1,0,0,0,0
"howejoyous",10,"med",10,0,1,10,10,0,0,1,"2009-11-11 14:38:41",1289,1,0,0,0,0
"marcoss",1,"low",0,1,0,7,1,0,0,1,"2009-11-11 17:57:42",1289,1,0,0,0,0
"DelayedReality",428,"power",317,111,0.740654205607477,14,357,0,71,0.83411214953271,"2009-11-27 22:33:56",1273,1,71,0,1,0
"zoddra",10,"med",10,0,1,6,10,0,0,1,"2009-11-11 22:12:27",1289,1,0,0,0,0
"cezarm",1,"low",1,0,1,6,1,0,0,1,"2009-11-12 05:08:43",1288,1,0,0,0,0
"samm",10,"med",10,0,1,4,10,0,0,1,"2009-11-12 15:23:42",1288,1,0,0,0,0
"kupping",3,"med",2,1,0.666666666666667,7,3,0,0,1,"2009-11-12 22:49:41",1288,1,0,0,0,0
"tredoom",10,"med",10,0,1,7,10,0,0,1,"2009-11-13 15:40:36",1287,1,0,0,0,0
"wielly",1,"low",1,0,1,6,1,0,0,1,"2009-11-14 02:40:05",1286,1,0,0,0,0
"peteravalos",10,"med",10,0,1,11,10,0,0,1,"2009-11-14 04:33:12",1286,1,0,0,0,0
"erfan4",5,"med",5,0,1,6,5,0,0,1,"2009-11-14 18:40:16",1286,1,0,0,0,0
"novaspa",24,"power",24,0,1,7,22,0,2,0.916666666666667,"2009-11-14 19:37:49",1286,1,2,0,1,0
"lengolda",10,"med",10,0,1,8,10,0,0,1,"2009-11-14 21:04:36",1286,1,0,0,0,0
"ilkka",1,"low",0,1,0,5,1,0,0,1,"2009-11-16 01:03:04",1284,1,0,0,0,0
"smnbss",3,"med",3,0,1,6,3,0,0,1,"2009-11-16 09:49:11",1284,1,0,0,0,0
"tkelley",1,"low",1,0,1,7,1,0,0,1,"2009-11-16 15:14:15",1284,1,0,0,0,0
"grrenkarma",22,"power",22,0,1,10,22,0,0,1,"2009-11-16 19:47:47",1284,1,0,0,0,0
"rony_octa",1,"low",1,0,1,9,1,0,0,1,"2009-11-17 10:07:31",1283,1,0,0,0,0
"shoppingdiva",2,"med",2,0,1,12,2,0,0,1,"2009-11-17 15:38:49",1283,1,0,0,0,0
"edwinvdg",12,"med",7,5,0.583333333333333,8,12,0,0,1,"2009-11-18 11:35:29",1282,1,0,0,0,0
"durden204",12,"med",12,0,1,9,12,0,0,1,"2009-11-17 20:57:42",1283,1,0,0,0,0
"dula",2,"med",2,0,1,4,2,0,0,1,"2009-11-17 21:46:43",1283,1,0,0,0,0
"lastofthechivalrous",2,"med",0,2,0,19,2,0,0,1,"2009-11-18 05:20:53",1282,1,0,0,0,0
"bcharles",1,"low",1,0,1,8,1,0,0,1,"2009-11-18 06:55:47",1282,1,0,0,0,0
"abhimanyu7777",1,"low",1,0,1,13,1,0,0,1,"2009-11-18 11:23:08",1282,1,0,0,0,0
"miguelmarcos",6,"med",6,0,1,12,6,0,0,1,"2009-11-18 14:09:01",1282,1,0,0,0,0
"scoutboy121",15,"med",15,0,1,11,15,0,0,1,"2009-11-18 18:43:07",1282,1,0,0,0,0
"ravivora",28,"power",28,0,1,8,25,0,3,0.892857142857143,"2009-11-18 18:52:09",1282,1,3,0,1,0
"bratista",6,"med",3,3,0.5,8,5,0,1,0.833333333333333,"2009-12-02 06:37:29",1268,1,1,0,1,0
"Banna",4,"med",4,0,1,5,4,0,0,1,"2009-11-18 21:48:07",1282,1,0,0,0,0
"whitezero7",49,"power",49,0,1,10,30,0,19,0.612244897959184,"2009-11-19 23:38:17",1281,1,19,0,1,0
"buckeyegirl31",8,"med",3,5,0.375,13,7,0,1,0.875,"2009-11-19 04:44:18",1281,1,1,0,1,0
"mayankgupta",10,"med",10,0,1,11,10,0,0,1,"2009-11-19 05:44:19",1281,1,0,0,0,0
"esorhjy",20,"med",20,0,1,7,17,0,3,0.85,"2009-12-02 16:56:49",1268,1,3,0,1,0
"Scotydog",11,"med",9,2,0.818181818181818,8,11,0,0,1,"2009-11-19 12:04:30",1281,1,0,0,0,0
"L_Johem",1,"low",1,0,1,7,1,0,0,1,"2009-11-19 19:50:34",1281,1,0,0,0,0
"arvinloslos",1,"low",1,0,1,11,1,0,0,1,"2009-11-19 23:08:16",1281,1,0,0,0,0
"djkaos",5,"med",5,0,1,6,5,0,0,1,"2009-11-30 06:19:36",1270,1,0,0,0,0
"Caleb_Simmons",1,"low",0,1,0,13,1,0,0,1,"2009-11-20 02:11:26",1280,1,0,0,0,0
"and1v",4,"med",3,1,0.75,5,4,0,0,1,"2009-11-20 10:36:37",1280,1,0,0,0,0
"santana",1,"low",1,0,1,7,1,0,0,1,"2009-11-20 11:43:56",1280,1,0,0,0,0
"arraizaj",1,"low",1,0,1,8,1,0,0,1,"2009-11-20 20:31:36",1280,1,0,0,0,0
"w3weblog",10,"med",10,0,1,8,10,0,0,1,"2009-11-21 17:45:03",1279,1,0,0,0,0
"Chemy",24,"power",21,3,0.875,5,20,0,4,0.833333333333333,"2009-11-21 19:48:33",1279,1,4,0,1,0
"QuiteAud",10,"med",10,0,1,8,10,0,0,1,"2009-11-21 21:35:58",1279,1,0,0,0,0
"justang",22,"power",22,0,1,7,19,0,3,0.863636363636364,"2009-11-22 06:44:36",1278,1,3,0,1,0
"dilly",4,"med",4,0,1,5,4,0,0,1,"2009-11-22 19:45:45",1278,1,0,0,0,0
"Marcvs",1,"low",1,0,1,6,1,0,0,1,"2009-11-22 23:06:04",1278,1,0,0,0,0
"ClaudiaO",7,"med",7,0,1,8,7,0,0,1,"2009-11-23 09:51:34",1277,1,0,0,0,0
"kishurocks",1,"low",0,1,0,10,1,0,0,1,"2009-11-23 18:42:09",1277,1,0,0,0,0
"sparticus24824",10,"med",10,0,1,14,10,0,0,1,"2009-11-23 19:06:36",1277,1,0,0,0,0
"Patra",10,"med",10,0,1,5,10,0,0,1,"2009-11-24 00:22:16",1276,1,0,0,0,0
"mitchellbrooks",1,"low",0,1,0,14,1,0,0,1,"2009-11-24 04:09:06",1276,1,0,0,0,0
"krishntej",10,"med",10,0,1,9,10,0,0,1,"2009-11-24 05:10:52",1276,1,0,0,0,0
"golf62657",1,"low",1,0,1,9,1,0,0,1,"2009-11-24 10:17:25",1276,1,0,0,0,0
"Alilus",10,"med",10,0,1,6,10,0,0,1,"2009-11-24 14:02:52",1276,1,0,0,0,0
"sastanga",1,"low",1,0,1,8,1,0,0,1,"2009-11-24 13:19:52",1276,1,0,0,0,0
"gamalsharks",11,"med",11,0,1,11,11,0,0,1,"2009-11-24 15:59:16",1276,1,0,0,0,0
"kurzemnieks",17,"med",17,0,1,11,17,0,0,1,"2009-11-24 16:54:56",1276,1,0,0,0,0
"paklang",1,"low",1,0,1,7,1,0,0,1,"2009-11-25 03:14:56",1275,1,0,0,0,0
"altyspa",1,"low",1,0,1,7,1,0,0,1,"2009-11-25 03:49:21",1275,1,0,0,0,0
"pongsa",1,"low",1,0,1,6,1,0,0,1,"2009-11-25 05:02:08",1275,1,0,0,0,0
"tomka",1,"low",1,0,1,5,1,0,0,1,"2009-11-25 06:59:43",1275,1,0,0,0,0
"metosaid",10,"med",10,0,1,8,10,0,0,1,"2009-11-25 08:30:59",1275,1,0,0,0,0
"spiros",4,"med",4,0,1,6,4,0,0,1,"2009-11-25 11:25:02",1275,1,0,0,0,0
"kobrary",1,"low",1,0,1,7,1,0,0,1,"2009-11-25 13:07:57",1275,1,0,0,0,0
"Roxianna",10,"med",10,0,1,8,10,0,0,1,"2009-11-25 13:35:23",1275,1,0,0,0,0
"midbaza",10,"med",10,0,1,7,10,0,0,1,"2009-11-25 13:46:15",1275,1,0,0,0,0
"uceng",1,"low",1,0,1,5,1,0,0,1,"2009-11-25 14:34:39",1275,1,0,0,0,0
"franciscodssmendes",1,"low",1,0,1,18,1,0,0,1,"2009-11-25 14:36:49",1275,1,0,0,0,0
"msesay",1,"low",1,0,1,6,1,0,0,1,"2009-11-25 17:37:24",1275,1,0,0,0,0
"CallaMae_Travis",8,"med",0,8,0,15,8,0,0,1,"2009-11-25 18:28:52",1275,1,0,0,0,0
"hungjunghua",1,"low",1,0,1,11,1,0,0,1,"2009-11-25 20:10:37",1275,1,0,0,0,0
"Kamellya",1,"low",1,0,1,8,1,0,0,1,"2009-11-25 23:22:25",1275,1,0,0,0,0
"DanHendricks",8,"med",8,0,1,12,8,0,0,1,"2009-11-26 00:17:21",1274,1,0,0,0,0
"aka_sulley",681,"power",530,151,0.778267254038179,10,560,0,121,0.822320117474302,"2009-12-02 16:59:58",1268,1,121,0,1,0
"Peace8077",15,"med",15,0,1,9,15,0,0,1,"2009-11-30 11:43:22",1270,1,0,0,0,0
"cruelangelboy",2,"med",2,0,1,13,2,0,0,1,"2009-11-27 09:53:04",1273,1,0,0,0,0
"emmamaria",22,"power",22,0,1,9,20,0,2,0.909090909090909,"2009-11-27 16:00:03",1273,1,2,0,1,0
"machspeed",1,"low",1,0,1,9,1,0,0,1,"2009-11-27 16:36:58",1273,1,0,0,0,0
"hendraulima",10,"med",10,0,1,11,10,0,0,1,"2009-11-27 17:20:44",1273,1,0,0,0,0
"Stephixy",2,"med",2,0,1,8,2,0,0,1,"2009-11-27 20:04:19",1273,1,0,0,0,0
"heiho1",10,"med",10,0,1,6,10,0,0,1,"2009-11-28 02:25:57",1272,1,0,0,0,0
"sasuke_fan291",1,"low",1,0,1,13,1,0,0,1,"2009-11-28 09:40:35",1272,1,0,0,0,0
"intnvs",26,"power",26,0,1,6,26,0,0,1,"2009-11-28 11:04:46",1272,1,0,0,0,0
"magibecks",3,"med",3,0,1,9,3,0,0,1,"2009-11-28 17:15:56",1272,1,0,0,0,0
"Tombula",1,"low",1,0,1,7,1,0,0,1,"2009-11-28 19:13:47",1272,1,0,0,0,0
"wildeflower1977",448,"power",312,136,0.696428571428571,15,250,0,198,0.558035714285714,"2009-11-30 14:59:38",1270,1,198,0,1,0
"alexw07",18,"med",11,7,0.611111111111111,7,18,0,0,1,"2009-11-29 02:32:05",1271,1,0,0,0,0
"Dianoc_Rica",14,"med",14,0,1,11,14,0,0,1,"2009-11-29 02:55:26",1271,1,0,0,0,0
"Tisheena_DubOis",1,"low",1,0,1,15,1,0,0,1,"2009-11-29 15:41:22",1271,1,0,0,0,0
"ronand",1,"low",1,0,1,6,1,0,0,1,"2009-11-29 18:23:10",1271,1,0,0,0,0
"sundeepyoung",1,"low",1,0,1,12,1,0,0,1,"2009-11-29 19:16:11",1271,1,0,0,0,0
"KenDavies",1,"low",1,0,1,9,1,0,0,1,"2009-11-29 21:10:03",1271,1,0,0,0,0
"parth1",10,"med",10,0,1,6,10,0,0,1,"2009-11-30 02:13:38",1270,1,0,0,0,0
"hristo_yordanov",1,"low",1,0,1,15,1,0,0,1,"2009-11-30 18:00:20",1270,1,0,0,0,0
"rocketdog",10,"med",10,0,1,9,10,0,0,1,"2009-11-30 18:27:49",1270,1,0,0,0,0
"libnotes",29,"power",10,19,0.344827586206897,8,29,0,0,1,"2009-12-01 02:00:38",1269,1,0,0,0,0
"mattmcd",10,"med",10,0,1,7,10,0,0,1,"2009-11-30 22:47:02",1270,1,0,0,0,0
"cwbrady",20,"med",20,0,1,7,17,0,3,0.85,"2009-12-01 22:52:28",1269,1,3,0,1,0
"exprima",10,"med",10,0,1,7,10,0,0,1,"2009-12-01 04:01:33",1269,1,0,0,0,0
"Thony",261,"power",181,80,0.693486590038314,5,261,0,0,1,"2009-12-01 10:57:34",1269,1,0,0,0,0
"billiam51",9,"med",9,0,1,9,9,0,0,1,"2009-12-01 16:33:23",1269,1,0,0,0,0
"rhodriwales",1,"low",1,0,1,11,1,0,0,1,"2009-12-01 23:17:08",1269,1,0,0,0,0
"abilashjram",12,"med",12,0,1,11,12,0,0,1,"2009-12-02 03:11:07",1268,1,0,0,0,0
"EiShields",1,"low",0,1,0,9,1,0,0,1,"2009-12-02 04:48:12",1268,1,0,0,0,0
"moofy",11,"med",7,4,0.636363636363636,5,11,0,0,1,"2009-12-02 05:42:03",1268,1,0,0,0,0
"dajuma",4,"med",4,0,1,6,4,0,0,1,"2009-12-02 07:18:03",1268,1,0,0,0,0
"DaGenius",3,"med",3,0,1,8,3,0,0,1,"2009-12-02 13:34:34",1268,1,0,0,0,0
"alpabeta",3,"med",3,0,1,8,3,0,0,1,"2009-12-02 14:33:16",1268,1,0,0,0,0
"gywolves",10,"med",10,0,1,8,10,0,0,1,"2009-12-02 15:08:45",1268,1,0,0,0,0
"malcwilliam",10,"med",10,0,1,11,10,0,0,1,"2009-12-02 16:34:43",1268,1,0,0,0,0
